{"cameraMode":{"drawMode":0,"name":"Shaded","section":"Shading Mode"},"sceneLighting":false,"audioPlay":false,"sceneViewState":{"showFog":true,"showMaterialUpdate":false,"showSkybox":false,"showFlares":true,"showImageEffects":true,"showParticleSystems":true},"in2DMode":false,"pivot":{"x":7.8616132736206059,"y":1.1510143280029297,"z":-4.0},"rotation":{"x":-0.491710364818573,"y":-0.0776481106877327,"z":0.044074468314647678,"w":-0.8661867380142212},"size":1.4956283569335938,"orthographic":true}