{"cameraMode":{"drawMode":0,"name":"Shaded","section":"Shading Mode"},"sceneLighting":false,"audioPlay":false,"sceneViewState":{"showFog":true,"showMaterialUpdate":false,"showSkybox":false,"showFlares":true,"showImageEffects":true,"showParticleSystems":true},"in2DMode":false,"pivot":{"x":6.7227373123168949,"y":0.4113689661026001,"z":-6.221348762512207},"rotation":{"x":-0.491710364818573,"y":-0.0776481106877327,"z":0.044074468314647678,"w":-0.8661867380142212},"size":0.9676052331924439,"orthographic":true}