{"cameraMode":{"drawMode":0,"name":"Shaded","section":"Shading Mode"},"sceneLighting":false,"audioPlay":false,"sceneViewState":{"showFog":true,"showMaterialUpdate":false,"showSkybox":false,"showFlares":true,"showImageEffects":true,"showParticleSystems":true},"in2DMode":false,"pivot":{"x":7.9930830001831059,"y":1.1302168369293213,"z":-3.7902913093566896},"rotation":{"x":-0.491710364818573,"y":-0.0776481106877327,"z":0.044074468314647678,"w":-0.8661867380142212},"size":5.749478340148926,"orthographic":true}