{"cameraMode":{"drawMode":0,"name":"Shaded","section":"Shading Mode"},"sceneLighting":false,"audioPlay":false,"sceneViewState":{"showFog":true,"showMaterialUpdate":false,"showSkybox":false,"showFlares":true,"showImageEffects":true,"showParticleSystems":true},"in2DMode":false,"pivot":{"x":7.924488544464111,"y":3.26312255859375,"z":-7.420327663421631},"rotation":{"x":-0.491710364818573,"y":-0.0776481106877327,"z":0.044074468314647678,"w":-0.8661867380142212},"size":5.549452781677246,"orthographic":true}